S.No,Airline,Details,Stops,Price
1,N/A,"Departure, 10 Sep,Cabin classEconomy,Departure time 02:30,DEL New Delhi,Travel time 2 hours 50 minutes,Direct flight,Arrival time 05:20,MAA Chennai (Madras),Airlines Air India",N/A,N/A
2,N/A,"Return, 16 Sep,Cabin classEconomy,Departure time 12:05,MAA Chennai (Madras),Travel time 2 hours 45 minutes,Direct flight,Arrival time 14:50,HDO Ghaziabad,Airlines IndiGo",N/A,N/A
3,N/A,"Departure, 10 Sep,Cabin classEconomy,Departure time 15:40,HDO Ghaziabad,Travel time 2 hours 40 minutes,Direct flight,Arrival time 18:20,MAA Chennai (Madras),Airlines IndiGo",N/A,N/A
4,N/A,"Return, 16 Sep,Cabin classEconomy,Departure time 12:05,MAA Chennai (Madras),Travel time 2 hours 45 minutes,Direct flight,Arrival time 14:50,HDO Ghaziabad,Airlines IndiGo",N/A,N/A
5,N/A,"Departure, 10 Sep,Cabin classEconomy,Departure time 02:30,DEL New Delhi,Travel time 2 hours 45 minutes,Direct flight,Arrival time 05:15,MAA Chennai (Madras),Airlines IndiGo",N/A,N/A
6,N/A,"Return, 16 Sep,Cabin classEconomy,Departure time 23:00,MAA Chennai (Madras),Travel time 3 hours,Direct flight,Arrival time 02:00,Arrives 1 day(s) later,DEL New Delhi,Airlines IndiGo",N/A,N/A
7,N/A,"Departure, 10 Sep,Cabin classEconomy,Departure time 06:15,DEL New Delhi,Travel time 2 hours 50 minutes,Direct flight,Arrival time 09:05,MAA Chennai (Madras),Airlines Air India",N/A,N/A
8,N/A,"Return, 16 Sep,Cabin classEconomy,Departure time 12:05,MAA Chennai (Madras),Travel time 2 hours 45 minutes,Direct flight,Arrival time 14:50,HDO Ghaziabad,Airlines IndiGo",N/A,N/A
9,N/A,"Departure, 10 Sep,Cabin classEconomy,Departure time 02:30,DEL New Delhi,Travel time 2 hours 50 minutes,Direct flight,Arrival time 05:20,MAA Chennai (Madras),Airlines Air India",N/A,N/A
10,N/A,"Return, 16 Sep,Cabin classEconomy,Departure time 03:15,MAA Chennai (Madras),Travel time 2 hours 55 minutes,Direct flight,Arrival time 06:10,DEL New Delhi,Airlines IndiGo",N/A,N/A
11,N/A,"Departure, 10 Sep,Cabin classEconomy,Departure time 02:30,DEL New Delhi,Travel time 2 hours 50 minutes,Direct flight,Arrival time 05:20,MAA Chennai (Madras),Airlines Air India",N/A,N/A
12,N/A,"Return, 16 Sep,Cabin classEconomy,Departure time 19:30,MAA Chennai (Madras),Travel time 2 hours 55 minutes,Direct flight,Arrival time 22:25,DEL New Delhi,Airlines IndiGo",N/A,N/A
13,N/A,"Departure, 10 Sep,Cabin classEconomy,Departure time 02:30,DEL New Delhi,Travel time 2 hours 50 minutes,Direct flight,Arrival time 05:20,MAA Chennai (Madras),Airlines Air India",N/A,N/A
14,N/A,"Return, 16 Sep,Cabin classEconomy,Departure time 17:50,MAA Chennai (Madras),Travel time 2 hours 55 minutes,Direct flight,Arrival time 20:45,DEL New Delhi,Airlines IndiGo",N/A,N/A
15,N/A,"Departure, 10 Sep,Cabin classEconomy,Departure time 02:30,DEL New Delhi,Travel time 2 hours 50 minutes,Direct flight,Arrival time 05:20,MAA Chennai (Madras),Airlines Air India",N/A,N/A
16,N/A,"Return, 16 Sep,Cabin classEconomy,Departure time 05:55,MAA Chennai (Madras),Travel time 2 hours 55 minutes,Direct flight,Arrival time 08:50,DEL New Delhi,Airlines IndiGo",N/A,N/A
17,N/A,"Departure, 10 Sep,Cabin classEconomy,Departure time 02:30,DEL New Delhi,Travel time 2 hours 50 minutes,Direct flight,Arrival time 05:20,MAA Chennai (Madras),Airlines Air India",N/A,N/A
18,N/A,"Return, 16 Sep,Cabin classEconomy,Departure time 23:00,MAA Chennai (Madras),Travel time 3 hours,Direct flight,Arrival time 02:00,Arrives 1 day(s) later,DEL New Delhi,Airlines IndiGo",N/A,N/A
19,N/A,"Departure, 10 Sep,Cabin classEconomy,Departure time 02:30,DEL New Delhi,Travel time 2 hours 50 minutes,Direct flight,Arrival time 05:20,MAA Chennai (Madras),Airlines Air India",N/A,N/A
20,N/A,"Return, 16 Sep,Cabin classEconomy,Departure time 21:05,MAA Chennai (Madras),Travel time 3 hours,Direct flight,Arrival time 00:05,Arrives 1 day(s) later,DEL New Delhi,Airlines IndiGo",N/A,N/A
